model,accuracy,precision,recall,f1,roc_auc
KNN,0.9975,1.0,0.995,0.9974937343358395,0.999975
RandomForest,0.99,1.0,0.98,0.98989898989899,0.999925
SVM_RBF,0.9925,1.0,0.985,0.9924433249370277,0.99985
LogisticRegression,0.99,0.9949494949494949,0.985,0.9899497487437185,0.9997499999999999
GaussianNB,0.9625,0.9842931937172775,0.94,0.9616368286445013,0.99545
DecisionTree,0.99,0.9949494949494949,0.985,0.9899497487437185,0.99
BernoulliNB,0.925,0.9885057471264368,0.86,0.9197860962566845,0.9645250000000001
MultinomialNB,0.8725,0.8706467661691543,0.875,0.8728179551122195,0.9519500000000001
